index.html;1680613802611;403 FORBIDDEN
asda;XCItK+tYAxg=;-1;1680613814848;226 IM_USED
de;1680613832073;200 OK
asdas;mY3UXnVu0PI=;-1;1680613981048;226 IM_USED
asdasd;ePlZ00VxNuk=;-1;1680613991439;201 CREATED
asdasd;ePlZ00VxNuk=;-1;1680614033157;226 IM_USED
asdasd;ePlZ00VxNuk=;-1;1680614057394;226 IM_USED
asdasd;ePlZ00VxNuk=;-1;1680614193297;226 IM_USED
ddd;6BiqbaDFXaA=;-1;1680614320509;201 CREATED
ddd;6BiqbaDFXaA=;-1;1680614357991;226 IM_USED
asdasd;6BiqbaDFXaA=;-1;1680614373046;226 IM_USED
asdasd;6BiqbaDFXaA=;-1;1680614384961;226 IM_USED
asds;mY3UXnVu0PI=;-1;1680614463290;201 CREATED
adas;6BiqbaDFXaA=;-1;1680614504238;201 CREATED
Uuuu;ePlZ00VxNuk=;asdasd;1680615439215;201 CREATED
torre;1680615502907;200 OK
torrebla;1680615517052;200 OK
dd;6BiqbaDFXaA=;Madrid;1680615852376;201 CREATED
rrrr;1680617791506;204 NO_CONTENT
Vl;1680617795308;204 NO_CONTENT
index.html;1680613802611;403 FORBIDDEN
asda;XCItK+tYAxg=;-1;1680613814848;226 IM_USED
de;1680613832073;200 OK
asdas;mY3UXnVu0PI=;-1;1680613981048;226 IM_USED
asdasd;ePlZ00VxNuk=;-1;1680613991439;201 CREATED
asdasd;ePlZ00VxNuk=;-1;1680614033157;226 IM_USED
asdasd;ePlZ00VxNuk=;-1;1680614057394;226 IM_USED
asdasd;ePlZ00VxNuk=;-1;1680614193297;226 IM_USED
ddd;6BiqbaDFXaA=;-1;1680614320509;201 CREATED
ddd;6BiqbaDFXaA=;-1;1680614357991;226 IM_USED
asdasd;6BiqbaDFXaA=;-1;1680614373046;226 IM_USED
asdasd;6BiqbaDFXaA=;-1;1680614384961;226 IM_USED
asds;mY3UXnVu0PI=;-1;1680614463290;201 CREATED
adas;6BiqbaDFXaA=;-1;1680614504238;201 CREATED
Uuuu;ePlZ00VxNuk=;asdasd;1680615439215;201 CREATED
torre;1680615502907;200 OK
torrebla;1680615517052;200 OK
dd;6BiqbaDFXaA=;Madrid;1680615852376;201 CREATED
rrrr;1680617791506;204 NO_CONTENT
Vl;1680617795308;204 NO_CONTENT
Vl;1680617796186;204 NO_CONTENT
Bl;1680617799727;200 OK
Madri;1680619416208;200 OK
murc;1680623345208;200 OK
murc;1680623350077;200 OK
murc;1680623776047;200 OK
Javier;O93bWH9XOjs=;Javier;1680623810022;201 CREATED
Miguelito;uVN6R0AXtJs=;Madrid;1680624609998;201 CREATED
Pol;1680624645199;200 OK
contadores;1682277756026;204 NO_CONTENT
torre;1682718418018;200 OK
Miguel;RghTvLs8s+U=;Loco;1682718437108;201 CREATED
awd;1682767020955;204 NO_CONTENT
D;1682767025594;200 OK
asd;1682793329345;204 NO_CONTENT
a;1682793334968;200 OK
d;1682855558133;200 OK
Calpe;1682855579464;200 OK
Malaga;1682878019465;200 OK
malag;1682878487026;200 OK
