name;password;location
Namex2;bOatl+V3UcGJJSpQl9fUJg==;-1
Namex;bOatl+V3UcGJJSpQl9fUJg==;-1
Namex3;bOatl+V3UcGJJSpQl9fUJg==;Madrid
Dubi;h1JEUpxxz+bWteBS/4bn6A==;Madrid
Dubie;h1JEUpxxz+bWteBS/4bn6A==;Madrid
us;Nny4OOMP4/Y=;-1
a;I5ue2wA+Z70=;-1
aa;I5ue2wA+Z70=;-1
asd;I5ue2wA+Z70=;-1
asdas;7rsDwiB+p0U=;-1
asda;XCItK+tYAxg=;-1
asdasd;ePlZ00VxNuk=;-1
ddd;6BiqbaDFXaA=;-1
asds;mY3UXnVu0PI=;-1
adas;6BiqbaDFXaA=;-1
Uuuu;ePlZ00VxNuk=;asdasd
dd;6BiqbaDFXaA=;Madrid
Javier;O93bWH9XOjs=;Javier
Miguelito;uVN6R0AXtJs=;Madrid
Miguel;RghTvLs8s+U=;Loco
